<?xml version="1.0" encoding="UTF-8"?>
<!DOCTYPE hibernate-mapping PUBLIC
        "-//Hibernate/Hibernate Mapping DTD 3.0//EN"
        "http://www.hibernate.org/dtd/hibernate-mapping-3.0.dtd">
<hibernate-mapping>
    <class name="entity.BOM" table="t_bom">
        <id name="id" column="id">
            <!--设置数据库表id增长
            native生成表id值就是主键自动增长
            -->
            <generator class="native"></generator>
        </id>
        <!--配置其他属性对应关系-->
        <property name="parent" column="parent"></property>
        <property name="comp" column="comp"></property>
        <property name="Q_P" column="Q_P"></property>

    </class>
</hibernate-mapping>
    